brand,reddit_volume,sentiment_score,trends_avg,trends_momentum_shifted,serp_presence_score,youtube_engagement,wikimedia_momentum_shifted,norm_reddit_volume,norm_sentiment_score,norm_trends_avg,norm_trends_momentum,norm_serp_presence,norm_youtube_engagement,norm_wikimedia_momentum,composite_score,rank
Oatly,0.0,59.955000000000005,64.84,119.15,100.0,89.89,89.35,0.0,29.4924992020428,100.0,100.0,50.0,80.28086600351084,13.541468969443915,61.79,1
Califia Farms,0.0,66.815,22.91,118.22,100.0,94.4,100.0,0.0,73.28439195659111,35.33312769895126,99.21947125472094,50.0,89.07743319680125,23.64775099639401,59.83,2
Three Trees,0.0,59.37,58.78,90.98,100.0,100.0,100.0,0.0,25.758059368017854,90.6539173349784,76.35753252203105,50.0,100.0,23.64775099639401,59.6,3
Rowdy Mermaid,0.0,68.385,0.0,100.0,100.0,100.0,100.0,0.0,83.30673475901695,0.0,83.9278220730172,50.0,100.0,23.64775099639401,54.12,4
Forager Project,0.0,66.445,0.14,100.0,100.0,100.0,100.0,0.0,70.92243855729329,0.215916101172116,83.9278220730172,50.0,100.0,23.64775099639401,51.68,5
Elmhurst 1925,0.0,69.375,0.02,100.0,100.0,86.29,101.83,0.0,89.62655601659752,0.030845157310302282,83.9278220730172,50.0,73.25921591574021,25.384323401024865,51.55,6
LIVE Soda Kombucha,0.0,65.5,0.0,100.0,100.0,100.0,100.0,0.0,64.88988190233003,0.0,83.9278220730172,50.0,100.0,23.64775099639401,50.43,7
Harmless Harvest,0.0,71.0,0.0,0.0,100.0,100.0,122.22,0.0,100.0,0.0,0.0,50.0,100.0,44.733345985955594,46.97,8
Ripple Foods,0.0,63.339999999999996,0.05,100.0,100.0,100.0,82.13,0.0,51.101180976699624,0.07711289327575571,83.9278220730172,50.0,100.0,6.690074017840196,45.99,9
GT's Living Foods,0.0,55.335,1.12,100.0,100.0,100.0,180.45999999999998,0.0,0.0,1.727328809376928,83.9278220730172,50.0,100.0,100.0,45.43,10
Health-Ade,21.0,66.42,0.25,100.0,100.0,60.67,100.0,100.0,70.76284711139483,0.3855644663787785,83.9278220730172,50.0,23.288472791105917,23.64775099639401,45.18,11
Brew Dr. Kombucha,0.0,61.44499999999999,0.0,100.0,100.0,98.08,89.22,0.0,39.004149377593315,0.0,83.9278220730172,50.0,96.255119953189,13.418105902448286,43.67,12
Revive Kombucha,0.0,59.919999999999995,0.28,100.0,100.0,100.0,100.0,0.0,29.269071177784834,0.431832202344232,83.9278220730172,50.0,100.0,23.64775099639401,43.39,13
Malk Organics,0.0,62.975,0.02,100.0,100.0,85.13,100.0,0.0,48.771145866581556,0.030845157310302282,83.9278220730172,50.0,70.99668422079188,23.64775099639401,42.86,14
Silk,0.0,69.65,0.0,0.0,100.0,100.0,89.76,0.0,91.38206192148104,0.0,0.0,50.0,100.0,13.930537103814775,42.17,15
New Barn Organics,0.0,66.97,0.0,0.0,100.0,100.0,100.0,0.0,74.27385892116182,0.0,0.0,50.0,100.0,23.64775099639401,39.72,16
Wild Tonic,0.0,63.51,0.59,14.290000000000006,100.0,100.0,100.0,0.0,52.186402808809426,0.9099321406539173,11.993285774234163,50.0,100.0,23.64775099639401,37.28,17
Humm Kombucha,0.0,62.949999999999996,15.22,100.0,100.0,48.73,100.0,0.0,48.61155442068302,23.473164713140036,83.9278220730172,50.0,0.0,23.64775099639401,36.87,18
MUSH,0.0,64.185,0.0,0.0,100.0,100.0,100.0,0.0,56.495371848068956,0.0,0.0,50.0,100.0,23.64775099639401,36.16,19
So Delicious,0.0,64.69500000000001,0.0,0.0,100.0,100.0,75.08,0.0,59.751037344398384,0.0,0.0,50.0,100.0,0.0,34.45,20
